,Intensity count,Intensity Probability,Cumulative sum of Probabilities,Multiply,Floor
0,4830.0,0.09540740740740741,0.6678518518518519,0.6678518518518519,0.0
1,7542.0,0.14897777777777776,1.7106962962962962,1.7106962962962962,1.0
2,10652.0,0.2104098765432099,3.1835654320987654,3.1835654320987654,3.0
3,6607.0,0.13050864197530865,4.097125925925925,4.097125925925925,4.0
4,11692.0,0.2309530864197531,5.7137975308641975,5.7137975308641975,5.0
5,8922.0,0.17623703703703703,6.947456790123456,6.947456790123456,6.0
6,380.0,0.007506172839506173,6.999999999999999,6.999999999999999,6.0
7,0.0,0.0,6.999999999999999,6.999999999999999,6.0
