,Intensity count,Intensity Probability,Cumulative sum of Probabilities,Multiply,Floor
0,0.0,0.0,0.0,0.0,0.0
1,0.0,0.0,0.0,0.0,0.0
2,0.0,0.0,0.0,0.0,0.0
3,355606.0,0.5084501967423133,3.559151377196193,3.559151377196193,3.0
4,317300.0,0.45367976756954614,6.734909750183016,6.734909750183016,6.0
5,26486.0,0.037870035688140555,7.0,7.0,7.0
6,0.0,0.0,7.0,7.0,7.0
7,0.0,0.0,7.0,7.0,7.0
